iteration,turn_bridge_us,state_update_us,controller_scheduling_us,write_gate_us,tool_dispatch_us,cancellation_us,cascade_cancellation_us
1,51.46,19.17,2710.29,3941.04,3440.5,27.62,32.83
2,30.29,13.12,130.17,247.96,132.83,39.46,29.58
3,26.75,12.67,124.21,265.67,159.33,24.29,37.79
4,23.83,11.92,121.67,267.38,82.42,29.17,25.58
5,21.12,11.79,103.71,248.88,94.08,17.33,24.79
6,34.92,13.96,73.5,260.58,102.38,24.38,24.67
7,24.58,13.0,102.21,249.29,97.0,27.21,25.46
8,26.29,13.88,73.42,258.17,91.33,23.04,25.25
9,32.08,16.42,91.08,252.71,99.17,21.12,25.17
10,33.29,13.0,94.58,246.54,81.21,33.62,39.92
11,23.42,12.75,95.75,249.21,102.08,19.12,25.88
12,24.46,12.92,106.12,265.21,82.5,18.21,25.5
13,25.83,12.96,184.25,246.75,105.71,27.83,25.04
14,30.04,12.88,78.17,250.92,95.79,16.71,26.04
15,31.71,12.83,104.92,253.58,99.54,18.96,26.58
16,27.62,13.67,98.67,243.58,102.08,22.0,40.58
17,24.0,12.96,107.38,256.0,115.29,18.25,24.79
18,22.0,13.42,108.92,226.33,100.62,18.42,31.58
19,23.67,12.71,115.62,251.58,103.88,17.62,32.58
20,22.25,12.46,112.12,265.92,87.46,24.75,24.71
21,23.71,13.17,102.12,255.12,75.08,18.04,25.29
22,21.83,12.25,93.54,246.96,104.17,19.33,24.42
23,24.25,13.38,103.79,246.62,102.25,17.21,30.38
24,23.42,13.54,138.25,249.42,101.33,20.38,32.92
25,21.75,11.62,99.96,252.12,80.08,17.42,25.17
26,21.83,11.75,72.62,300.71,83.46,18.17,31.88
27,23.21,13.38,153.88,253.33,103.88,24.08,29.21
28,20.92,12.46,98.21,256.29,101.92,16.96,27.17
29,22.38,12.58,113.46,246.5,89.67,17.0,32.75
30,21.25,11.83,102.21,270.12,77.04,19.17,26.29
31,22.5,12.38,108.96,251.75,78.67,17.67,25.33
32,24.67,12.71,105.67,249.08,103.96,17.38,38.71
33,22.71,12.08,104.17,256.12,80.71,20.42,25.0
34,22.29,13.79,100.58,275.08,100.33,17.62,25.0
35,22.62,12.12,103.38,252.25,72.21,17.38,24.71
36,22.33,12.83,104.38,259.54,82.79,24.62,32.62
37,29.21,37.08,85.38,247.92,102.67,20.21,32.75
38,22.83,12.25,112.12,266.17,101.75,20.12,25.25
39,22.75,13.25,95.79,252.83,102.75,21.5,26.12
40,23.5,12.88,109.5,244.88,82.88,20.42,34.08
41,22.58,12.46,113.21,257.46,137.0,24.33,24.83
42,21.96,11.92,124.71,251.96,104.5,18.58,25.08
43,26.71,12.92,76.5,279.17,79.33,18.25,26.33
44,22.92,12.67,106.17,252.04,100.67,20.92,27.04
45,23.04,12.54,73.46,250.75,97.5,16.96,32.88
46,22.5,12.29,89.92,247.88,106.79,16.92,23.75
47,24.54,12.83,101.21,247.88,95.67,18.33,24.0
48,23.33,13.42,89.25,247.96,69.96,16.88,25.12
49,23.79,12.17,88.83,246.71,93.62,16.75,23.29
50,24.0,12.42,90.92,256.67,93.79,16.96,25.0
51,22.38,11.92,89.83,246.62,96.54,20.92,24.29
52,23.62,12.46,89.71,247.83,96.12,16.46,25.62
53,22.62,33.38,75.04,247.62,94.5,16.46,27.38
54,23.88,12.25,78.04,255.0,96.96,17.79,23.29
55,24.46,12.21,87.92,250.62,94.21,28.12,24.04
56,21.33,12.38,98.0,249.54,96.83,17.04,27.12
57,24.21,12.58,94.96,247.83,87.21,16.12,31.54
58,21.96,12.17,78.38,262.12,103.0,16.62,25.0
59,23.5,33.25,107.88,248.04,96.12,18.42,24.62
60,24.79,13.25,89.17,247.88,95.29,17.21,26.25
61,22.21,12.83,113.12,246.58,98.33,19.5,24.42
62,23.46,13.42,123.92,247.83,95.92,16.79,24.71
63,23.12,12.29,89.29,255.33,108.17,16.29,34.08
64,22.88,13.12,78.71,250.71,95.04,17.12,25.29
65,24.0,12.83,98.0,246.38,97.5,17.54,27.08
66,22.21,11.96,91.21,246.67,69.12,17.25,25.17
67,23.92,12.58,75.21,247.79,73.08,17.21,23.83
68,23.29,12.71,115.5,255.92,96.21,18.29,29.46
69,23.58,12.25,169.67,248.88,124.92,24.92,28.33
70,22.62,12.83,131.62,247.88,73.12,18.46,24.79
71,24.54,12.38,125.21,248.08,92.21,22.46,35.92
72,24.04,14.54,128.71,258.62,100.92,38.17,25.5
73,26.25,13.92,93.83,243.71,70.62,17.12,24.75
74,22.58,12.0,121.17,247.79,104.25,16.58,44.25
75,22.96,12.38,99.71,250.83,71.04,19.88,25.54
76,23.46,12.92,106.0,251.71,71.54,17.54,38.21
77,23.04,12.92,92.71,255.0,103.75,19.92,24.67
78,21.83,12.08,93.71,251.0,103.21,17.12,24.71
79,24.04,14.25,104.38,247.83,98.5,17.75,24.54
80,24.88,13.58,89.0,253.42,99.71,24.88,29.46
81,23.92,12.92,100.88,246.5,101.58,16.58,23.38
82,23.33,12.33,89.17,248.42,97.42,18.04,23.29
83,23.33,12.21,94.08,250.83,95.83,17.29,24.17
84,23.25,13.58,106.92,252.08,114.79,41.67,24.46
85,23.54,12.79,104.17,247.88,96.88,16.5,23.96
86,23.5,12.54,102.92,246.33,96.92,16.38,23.71
87,22.46,12.67,94.42,247.71,69.0,16.88,26.5
88,22.83,12.12,100.92,253.21,95.75,16.88,26.88
89,24.29,14.12,115.92,289.83,119.58,18.58,34.58
90,21.46,12.04,105.92,249.21,107.96,20.0,45.92
91,21.04,12.62,98.62,248.71,100.83,20.96,28.38
92,23.46,12.21,109.58,248.92,100.75,20.67,34.58
93,23.62,12.83,98.88,261.42,102.0,24.58,31.21
94,24.17,13.54,78.5,248.88,117.17,24.67,34.12
95,22.5,12.5,102.29,251.92,109.83,19.5,33.75
96,22.12,12.83,104.92,248.88,98.58,19.88,29.71
97,26.79,13.46,126.33,262.83,101.58,19.46,27.71
98,24.62,12.58,100.42,271.62,80.75,20.17,33.25
99,25.08,12.25,97.12,250.79,98.83,18.83,40.38
100,23.12,12.58,104.33,251.5,123.71,19.12,36.62
